kigo,pronunciation,season
会津万歳,あいずまんざい,新年
白馬節会,あおうまのせちえ,新年
青馬祭,あおうまのまつり,新年
青柳うたふ,あおやぎうたう,新年
青山祭,あおやままつり,新年
県召,あがためし,新年
県召除目,あがためしのじもく,新年
赤祭,あかまつり,新年
秋田の鳥追,あきたのとりおい,新年
秋田万歳,あきたまんざい,新年
商初,あきないぞめ,新年
商始,あきないはじめ,新年
明きの方,あきのかた・あきのほう,新年
明くる年,あくるとし,新年
揚羽子,あげばね,新年
浅草観音追儺,あさくさかんのんついな,新年
浅草観音の亡者送り,あさくさかんのんのもうじゃおくり,新年
浅草三社権現流鏑馬,あさくささんじゃごんげんやぶさめ,新年
朝節,あさせち,新年
朝若菜,あさわかな,新年
葦索,あしのなわ,新年
赤小豆粥,あずきがゆ,新年
小豆粥,あずきがゆ,新年
赤小豆粥祝ふ,あずきがゆいわう,新年
愛宕寺牛王加持,あたごでらごおうかじ,新年
愛宕寺天狗宴,あたごでらのてんぐのさかもり,新年
愛宕の神事,あたごのしんじ,新年
愛宕の使,あたごのつかい,新年
頭正月,あたましょうがつ・かしらしょうがつ,新年
新しき年,あたらしきとし,新年
阿茶羅漬,あちゃらづけ,新年
厚昆布,あつこんぶ,新年
熱田蹈歌神事,あつたとうかしんじ,新年
熱田鬼祭,あつたのおにまつり,新年
熱田歩射神事,あつたほしゃしんじ,新年
熱田的射,あつたまとい,新年
跡着,あとぎ,新年
穴一,あないち,新年
穴一銭,あないちぜに,新年
あまみ剝,あまみはぎ,新年
飴市,あめいち,新年
天地の袋,あめつちのふくろ,新年
飴宝引,あめほうびき,新年
あらたしき年,あらたしきとし,新年
新玉,あらたま,新年
新玉の年,あらたまのとし,新年
改まる年,あらたまるとし,新年
改る年,あらたまるとし,新年
新筵,あらむしろ,新年
霰ばしり,あらればしり,新年
有馬入湯始,ありまのにゅうとうはじめ,新年
有馬の湯開,ありまのゆびらき,新年
行灯凧,あんどんだこ,新年
家の春,いえのはる,新年
庵の春,いおのはる,新年
生初,いけぞめ,新年
居籠,いごもり,新年
葦索を懸く,いさくをかく,新年
伊勢海老,いせえび,新年
伊勢海老祝ふ,いせえびいわう,新年
伊勢海老飾る,いせえびかざる,新年
伊勢暦,いせごよみ,新年
伊勢の世様,いせのよだめし,新年
伊孑志祭,いそしまつり,新年
磯菜,いそな,新年
磯菜摘,いそなつみ,新年
磯菜摘む,いそなつむ,新年
射初,いぞめ,新年
鋳初,いぞめ,新年
磯若菜,いそわかな,新年
一月場所,いちがつばしょ,新年
市神祭,いちがみまつり,新年
一の富,いちのとみ,新年
一の寅,いちのとら,新年
市始,いちはじめ,新年
一番水,いちばんみず,新年
一文凧,いちもんだこ,新年
五日,いつか,新年
五日戎,いつかえびす,新年
厳島御衣献上式,いつくしまぎょいけんじょうしき,新年
厳島神社の年越祭,いつくしまじんじゃのとしこしまつり・いつくしまじんじゃのとしこしさい,新年
厳島の御弓始,いつくしまのおんゆみはじめ,新年
伊都岐島祭,いつくしまのまつり,新年
厳島詣,いつくしままいり,新年
厳島祭,いつくしままつり,新年
一蝶忌,いっちょうき,新年
稲荷大山祭,いなりおおやまさい,新年
稲荷注連張,いなりしめはり,新年
稲荷の大山祭,いなりのおおやまさい,新年
稲荷の奉射祭,いなりのぶしゃさい,新年
稲荷山の白狐,いなりやまのしろぎつね,新年
寝挙ぐる,いねあぐる,新年
稲積む,いねつむ,新年
いねを起す,いねをおこす,新年
いねを積む,いねをつむ,新年
射遺,いのこし,新年
鋳始,いはじめ,新年
射場始,いばはじめ,新年
井開,いびらき,新年
亥巳籠,いみごもり,新年
芋頭,いもがしら,新年
芋頭祝う,いもがしらいわう,新年
芋頭祝ふ,いもがしらいわう,新年
芋の頭,いものかみ,新年
芋の頭祝う,いものかみいわう,新年
芋の頭祝ふ,いものかみいわう,新年
鋳物始,いものはじめ,新年
伊予万歳,いよまんざい,新年
煎海鼠,いりこ,新年
いろは歌留多,いろはがるた,新年
祝木,いわいぎ,新年
祝太郎,いわいたろう,新年
祝月,いわいづき,新年
祝菜,いわいな,新年
祝の杖,いわいのつえ,新年
祝箸,いわいばし,新年
祝棒,いわいぼう,新年
祝棒,いわいぼう,新年
院の拝礼,いんのはいらい,新年
魚読,うおよみ,新年
兎の吸物,うさぎのすいもの,新年
薄鮑,うすあわび,新年
臼起,うすおこし,新年
臼起し,うすおこし,新年
臼飾,うすかざり,新年
臼飾る,うすかざる,新年
薄皮蜜柑,うすかわみかん,新年
鷽替,うそかえ,新年
謡初,うたいぞめ,新年
歌会始,うたかいはじめ,新年
歌がるた,うたがるた,新年
歌御会始,うたごかいはじめ,新年
打初,うちぞめ,新年
打叩,うちたたき,新年
打熨斗,うちのし,新年
卯杖,うづえ,新年
卯杖の寿,うづえのことぶき,新年
卯杖の祝,うづえのほがい,新年
卯槌,うづち,新年
鬱塁,うつるい,新年
卯の杖,うのつえ,新年
卯の札,うのふだ,新年
産土神参,うぶすなまいり,新年
烏遍舞,うへんまい,新年
馬騎初,うまのりぞめ,新年
梅が枝うたう,うめがえうたう,新年
梅が枝うたふ,うめがえうたう,新年
梅干飾る,うめぼしかざる,新年
裏白,うらじろ,新年
裏白連歌,うらじろのれんが,新年
裏白俳諧,うらじろはいかい,新年
卜田祭,うらたまつり,新年
売初,うりぞめ,新年
うろこもち打,うろこもちうち,新年
温座陀羅尼,うんざだらに,新年
運座始,うんざはじめ,新年
紅調粥,うんじょうじゅく,新年
永日,えいじつ,新年
永陽,えいよう,新年
恵具摘,えぐつみ,新年
えぐの若立,えぐのわかたち,新年
ゑぐの若立,えぐのわかたち,新年
えぐの若菜,えぐのわかな,新年
ゑぐの若菜,えぐのわかな,新年
えぐの若生,えぐのわかばえ,新年
ゑぐの若生,えぐのわかばえ,新年
絵暦,えごよみ,新年
絵双六,えすごろく,新年
絵凧,えだこ,新年
越後獅子,えちごじし,新年
江戸城御掃初,えどじょうおんはきぞめ,新年
江戸城連歌始,えどじょうれんがはじめ,新年
海老飾る,えびかざる,新年
夷おろし,えびすおろし,新年
夷かき,えびすかき,新年
戎籠,えびすかご,新年
戎笹,えびすささ,新年
戎祭,えびすまつり,新年
夷廻し,えびすまわし,新年
恵方,えほう,新年
得方,えほう,新年
兄方,えほう,新年
吉方,えほう,新年
恵方拝,えほうおがみ,新年
恵方棚,えほうだな,新年
恵方詣,えほうまいり,新年
恵方道,えほうみち,新年
絵蓬萊,えほうらい,新年
会陽,えよう,新年
延寿祭,えんじゅさい,新年
延寿盃,えんじゅはい,新年
延寿箸,えんじゅばし,新年
淵酔,えんずい,新年
役行者忌,えんのぎょうじゃき,新年
えんぶり宿,えんぶりやど,新年
閻魔詣,えんままいり,新年
縁結び神事,えんむすびしんじ,新年
縁結の神事,えんむすびのしんじ,新年
老の春,おいのはる,新年
追羽子,おいばね,新年
お祝ひかちん,おいわいかちん,新年
扇売,おうぎうり,新年
扇凧,おうぎだこ,新年
扇投,おうぎなげ,新年
王月,おうげつ,新年
王子十八講,おうじじゅうはちこう,新年
王春,おうしゅん,新年
王春月,おうしゅんげつ,新年
王正,おうせい,新年
御謡初,おうたいぞめ,新年
御謡初,おうたいはじめ,新年
椀飯,おうばん,新年
椀飯振舞,おうばんぶるまい,新年
女王禄,おうろく,新年
女王禄を賜う,おうろくをたまう,新年
女王禄を賜ふ,おうろくをたまう,新年
大飾,おおかざり,新年
大賀玉の木,おおがたまのき・おがたまのき,新年
大鍬初,おおくわぞめ,新年
大芹うたふ,おおぜりうたう,新年
大津の藁打,おおつのわらうち,新年
大原野御弓祭,おおはらのおゆみまつり,新年
大福,おおふく,新年
大服,おおぶく・おおふく,新年
大福茶,おおふくちゃ,新年
公御供,おおやけごくう,新年
御鏡,おかがみ,新年
お飾,おかざり,新年
お飾こわし,おかざりこわし,新年
御頭神事,おかしらしんじ,新年
御方打,おかたぶち,新年
御粥祭,おかゆまつり,新年
御土器,おかわらけ,新年
お元日,おがんじつ,新年
御元日,おがんじつ,新年
起初め,おきぞめ,新年
御行,おぎょう,新年
御蔵開,おくらびらき,新年
お鍬立,おくわたて,新年
白朮縄,おけらなわ,新年
白朮火,おけらび,新年
白朮詣,おけらまいり,新年
白朮祭,おけらまつり,新年
お事汁,おことじる,新年
お事の使,おことのつかい,新年
御事の使,おことのつかい,新年
お事始,おことはじめ,新年
御降,おさがり,新年
押鮎,おしあゆ,新年
お正月,おしょうがつ,新年
御汁,おしる,新年
お供へくづし,おそなえくずし,新年
御田打,おたうち,新年
御棚会,おたなえ,新年
落ち凧,おちだこ・おちたこ,新年
御帳綴,おちょうとじ,新年
御釿始,おちょうなはじめ,新年
小角忌,おづぬき,新年
御方打,おてうち,新年
お手掛,おてかけ,新年
御膏薬,おとうやく,新年
男踏歌,おとことうか,新年
男蹈歌,おとことうか,新年
お年さま,おとしさま,新年
お年玉,おとしだま,新年
お富さん,おとみさん,新年
御富法会,おとみほうえ,新年
お取初め,おとりぞめ,新年
踊初,おどりぞめ,新年
お流れ,おながれ,新年
お撫で物,おなでもの,新年
鬼打木,おにうちぎ,新年
鬼打棒,おにうちぼう,新年
鬼押木,おにおしぎ,新年
鬼踊,おにおどり,新年
鬼木,おにぎ,新年
鬼燻,おにくすべ,新年
鬼子祭,おにこまつり,新年
鬼障木,おにさえぎ,新年
鬼の飴,おにのあめ,新年
鬼の法楽,おにのほうらく,新年
鬼走,おにばしり,新年
鬼火,おにび,新年
鬼夜,おにや,新年
鬼会,おによ,新年
鬼除木,おによけぎ,新年
御能始,おのうはじめ,新年
斧始,おのはじめ,新年
薺蒿摘,おはぎつみ,新年
菟芽子摘む,おはぎつむ,新年
お福,おふく,新年
御福茶,おふくちゃ,新年
お福の湯,おふくのゆ,新年
お福蜈蚣,おふくむかで,新年
お符切,おふだきり,新年
御弓奏,おほんたらしのそう,新年
お松払い,おまつはらい,新年
親見参,おやげんぞ,新年
親子草,おやこぐさ,新年
お山焼,おやまやき,新年
おらが春,おらがはる,新年
織初,おりぞめ,新年
尾張万歳,おわりまんざい,新年
御門松,おんかどまつ,新年
御田,おんだ,新年
御田祭,おんだまつり,新年
女賀客,おんながきゃく,新年
女正月,おんなしょうがつ・めしょうがつ,新年
女節分,おんなせつぶん,新年
女踏歌,おんなとうか,新年
女蹈歌,おんなとうか,新年
女礼,おんなれい,新年
女礼者,おんなれいじゃ,新年
御掃初,おんはきぞめ,新年
御柱,おんばしら,新年
御弓神事,おんゆみしんじ,新年
御弓始祭,おんゆみはじめさい,新年
蚕祭,かいこまつり,新年
開歳,かいさい,新年
開春,かいしゅん,新年
買初,かいぞめ,新年
改旦,かいたん,新年
解凍,かいとう,新年
改年,かいねん,新年
改年の御慶,かいねんのぎょけい,新年
飼屋払,かいやばらい,新年
傀儡師,かいらいし,新年
廻礼,かいれい,新年
回礼,かいれい,新年
還饗,かえりあるじ,新年
花押始,かおうはじめ,新年
加賀万歳,かがまんざい,新年
加賀見草,かがみぐさ,新年
鏡草,かがみぐさ,新年
鏡の祝,かがみのいわい,新年
鏡開,かがみびらき,新年
鏡餅,かがみもち,新年
鏡割,かがみわり,新年
懸り凧,かかりだこ・かかりたこ,新年
懸り羽子,かかりはね,新年
書初,かきぞめ,新年
鍵引,かぎひき,新年
鉤引神事,かぎひきしんじ,新年
賀客,がきゃく,新年
角凧,かくだこ,新年
覚如忌,かくにょき,新年
角兵衛獅子,かくべえじし,新年
神楽始,かぐらはじめ,新年
画雞を戸に貼す,がけいをこにちょうす,新年
掛飾,かけかざり,新年
賭双六,かけすごろく,新年
掛鯛,かけだい,新年
嘉月,かげつ,新年
懸けの魚,かけのうお,新年
懸蓬萊,かけほうらい,新年
掛筵,かけむしろ,新年
掛柳,かけやなぎ,新年
加古の物鎮,かこのものしずめ,新年
駕乗初,かごのりぞめ,新年
華歳,かさい,新年
挿頭綿,かざしのわた,新年
飾,かざり,新年
飾りあげ,かざりあげ,新年
飾臼,かざりうす,新年
飾馬,かざりうま,新年
飾海老,かざりえび,新年
飾納,かざりおさめ,新年
飾卸し,かざりおろし,新年
飾木,かざりぎ,新年
飾米,かざりごめ,新年
飾昆布,かざりこんぶ,新年
飾炭,かざりずみ,新年
飾り焚,かざりたき,新年
飾焚く,かざりたく,新年
飾竹,かざりだけ,新年
飾取る,かざりとる,新年
飾縄,かざりなわ,新年
飾羽子,かざりばね,新年
飾りはやし,かざりはやし,新年
飾松,かざりまつ,新年
飾夜具,かざりやぐ,新年
飾藁,かざりわら,新年
炊初,かしぎぞめ・たきぞめ,新年
鍛冶始,かじはじめ,新年
鹿島蹈歌祭,かしまとうかまつり,新年
鹿島の帯,かしまのおび,新年
鹿島の事触,かしまのことぶれ,新年
果樹責,かじゅぜめ,新年
賀正,がしょう,新年
賀状,がじょう,新年
賀状配達,がじょうはいたつ,新年
頭芋,かしらいも,新年
柏をきざむ盃,かしわをきざむさかずき,新年
春日御田植祭,かすがのおたうえまつり,新年
数の子,かずのこ,新年
霞初月,かすみそめづき,新年
夏正,かせい,新年
稼初,かせぎぞめ,新年
肩客,かたきゃく,新年
肩三日,かたみっか,新年
語初,かたりぞめ,新年
勝尾寺の富,かちおでらのとみ,新年
搗栗飾る,かちぐりかざる,新年
学校始,がっこうはじめ,新年
門明け,かどあけ,新年
花灯会,かとうえ,新年
門打,かどうち,新年
花灯の夕,かとうのゆうべ,新年
門飾,かどかざり,新年
門神棚,かどかみだな,新年
門木,かどき,新年
門入道,かどにゅうどう,新年
門の神棚,かどのかみだな,新年
門の竹,かどのたけ,新年
門の春,かどのはる,新年
門の松,かどのまつ,新年
門の松竹,かどのまつたけ,新年
門の礼帳,かどのれいちょう,新年
門開き,かどびらき,新年
門松,かどまつ,新年
門松取る,かどまつとる,新年
門万歳,かどまんざい,新年
門礼,かどれい,新年
門礼者,かどれいじゃ,新年
神名手舞,かなてまい,新年
歌舞始,かぶはじめ,新年
壁打,かべうち,新年
鎌倉海老,かまくらえび,新年
鎌倉海老飾る,かまくらえびかざる,新年
鎌倉祭,かまくらまつり,新年
竈祓,かまどばらい,新年
釜始,かまはじめ,新年
窯始,かまはじめ,新年
紙打,かみうち,新年
上賀茂御棚飾,かみがもおたなかざり,新年
上賀茂燃灯祭,かみがもねんとうさい,新年
上賀茂の元日神事,かみがものがんじつしんじ,新年
紙双六,かみすごろく,新年
神年越,かみとしこし,新年
上寅日,かみのとらのひ,新年
神の母聖マリアの祝日,かみのははせいまりあのいわいび,新年
亀戸の大御食調進,かめいどのおおみけちょうじん,新年
亀戸妙義参,かめいどみょうぎまいり,新年
榧,かや,新年
榧飾る,かやかざる,新年
榧衣,かやごろも,新年
粥占,かゆうら,新年
粥占神事,かゆうらしんじ,新年
粥占祭,かゆうらまつり,新年
粥木,かゆき,新年
粥草,かゆぐさ,新年
粥神事,かゆしんじ,新年
粥試,かゆだめし,新年
粥杖,かゆづえ,新年
粥杖,かゆづえ,新年
粥釣,かゆつり,新年
粥の木,かゆのき,新年
粥柱,かゆばしら,新年
烏呼,からすよび,新年
骨牌,かるた,新年
歌留多,かるた,新年
歌留多遊,かるたあそび,新年
歌留多会,かるたかい,新年
骨牌凧,かるただこ,新年
歌留多取,かるたとり,新年
歌留多箱,かるたばこ,新年
蛙狩の神事,かわずがりのしんじ,新年
蛙飛びの神事,かわずとびのしんじ,新年
かわらけ草,かわらけそう,新年
土器拾い,かわらけひろい,新年
土器拾ひ,かわらけひろい,新年
羹,かん,新年
官位双六,かんいすごろく,新年
元月,がんげつ,新年
管絃講,かんげんこう,新年
元三,がんさん,新年
元三会,がんざんえ,新年
元三忌,がんざんき,新年
元三大師会,がんざんだいしえ,新年
元三大師忌,がんざんだいしき,新年
元三大師の像を門戸に貼る,がんさんだいしのぞうをもんこにはる,新年
元七,がんしち,新年
元日,がんじつ,新年
元日草,がんじつそう,新年
元日戸を開かず,がんじつとをひらかず,新年
元日節会,がんじつのせちえ,新年
元日立春,がんじつりっしゅん,新年
元旦,がんたん,新年
元朝,がんちょう,新年
鉋始,かんなはじめ,新年
羹箸,かんばし,新年
歓楽,かんらく,新年
羹を祝う,かんをいわう,新年
羹を祝ふ,かんをいわう,新年
祇園削掛の神事,ぎおんけずりかけのしんじ,新年
祇園甲部歌舞練場始業式,ぎおんこうぶかぶれんじょうしぎょうしき,新年
木伐初,ききりぞめ,新年
樵初,きこりぞめ,新年
雉子酒,きじざけ・きじしゅ,新年
鬼子母神祭礼,きしもじんさいれい,新年
鬼射,きしゃ,新年
起舟,きしゅう,新年
規春,きしゅん,新年
喜春楽,きしゅんらく,新年
木責,きぜめ,新年
着衣始,きそはじめ,新年
北野の筆始祭,きたののふではじめさい,新年
吉書,きっしょ,新年
吉書揚,きっしょあげ,新年
吉書奏,きっしょのそう,新年
吉書始め,きっしょはじめ,新年
吉兆,きっちょう,新年
毬打,ぎっちょう・ぎちょう,新年
毬杖,ぎっちょう・ぎちょう,新年
吉兆縄,きっちょうなわ,新年
狐舞,きつねまい,新年
祈禱狐,きとうぎつね,新年
木花,きばな,新年
騎馬始,きばはじめ,新年
祈福祭,きふくさい,新年
亀卜始,きぼくはじめ,新年
木呪,きまじない,新年
君の春,きみのはる,新年
牛日,ぎゅうじつ,新年
旧冬,きゅうとう,新年
旧年,きゅうねん,新年
旧臘,きゅうろう,新年
行事暦,ぎょうじごよみ,新年
鏡台祝,きょうだいいわい,新年
鏡台祝う,きょうだいいわう,新年
今日の春,きょうのはる,新年
京若菜,きょうわかな,新年
御忌,ぎょき,新年
曲独楽,きょくごま,新年
曲搗,きょくつき,新年
御慶,ぎょけい,新年
去歳,きょさい,新年
御題菓子,ぎょだいがし,新年
清滝権現護摩修行,きよたきごんげんごましゅぎょう,新年
清水寺牛王,きよみずでらごおう,新年
清水寺牛王杖,きよみずでらごおうづえ,新年
清水の牛王,きよみずのごおう,新年
切山椒,きりざんしょう,新年
切れ凧,きれだこ,新年
木を囃す,きをはやす,新年
金槐忌,きんかいき,新年
謹月,きんげつ,新年
金海鼠,きんこ,新年
吟行始,ぎんこうはじめ,新年
食継ぎ,くいつぎ,新年
喰積,くいつみ,新年
喰積飾,くいつみかざり,新年
空也堂鉢叩出初,くうやどうはちたたきでぞめ,新年
句会始,くかいはじめ,新年
くぐつ師,くぐつし,新年
串柿飾る,くしがきかざる,新年
狗日,くじつ,新年
串羽子,くしばね,新年
工匠舞,くしょうまい,新年
国栖歌,くずうた,新年
国栖魚,くずのうお,新年
国栖翁,くずのおきな,新年
国栖奏,くずのそう,新年
国栖人,くずびと,新年
国栖笛,くずぶえ,新年
薬子,くすりこ,新年
具足祝,ぐそくいわい,新年
具足鏡開,ぐそくかがみびらき,新年
具足鏡割,ぐそくかがみわり,新年
具足開,ぐそくびらき,新年
具足餅,ぐそくもち,新年
管粥,くだがゆ,新年
管粥祭,くだかゆまつり,新年
国の春,くにのはる,新年
熊野連歌,くまのれんが,新年
熊野連歌始,くまのれんがはじめ,新年
組重,くみじゅう,新年
組蓬萊,くみほうらい,新年
蔵開,くらびらき,新年
鞍馬小判,くらまこばん,新年
鞍馬初寅詣,くらまはつとらまいり,新年
鞍馬詣,くらままいり,新年
来る年,くるとし,新年
暮新月,くれしづき,新年
黒石裸祭,くろいしはだかまつり,新年
黒昆布,くろこんぶ,新年
鍬入,くわいれ,新年
鍬初,くわぞめ,新年
鍬始,くわはじめ,新年
軍配凧,ぐんばいだこ,新年
稽古始,けいこはじめ,新年
鶏日,けいじつ,新年
迎春,げいしゅん,新年
鶏旦,けいたん,新年
契沖忌,けいちゅうき,新年
外記政始,げきのまつりごとはじめ,新年
今朝の春,けさのはる,新年
削掛,けずりかけ,新年
削掛掛ける,けずりかけかける,新年
削掛挿す,けずりかけさす,新年
削掛の行,けずりかけのおこない,新年
削初,けずりぞめ,新年
削花,けずりばな,新年
化粧文,けそうぶみ,新年
懸想文,けそうぶみ,新年
懸想文売,けそうぶみうり,新年
月正,げっせい,新年
蹴鞠始,けまりはじめ,新年
幻吁忌,げんうき,新年
喧嘩祭,けんかまつり,新年
献歳,けんさい,新年
献春,けんしゅん,新年
元宵,げんしょう,新年
元宵祭,げんしょうさい,新年
元宵節,げんしょうせつ,新年
元夕,げんせき,新年
献盃,けんぱい,新年
剛卯杖,ごううじょう,新年
高巾子,こうごし,新年
視告朔,こうさく,新年
柑子,こうじ,新年
甘子,こうじ,新年
柑子飾る,こうじかざる,新年
講書始,こうしょはじめ,新年
庚申待,こうしんまち,新年
高台寺方丈懺法,こうだいじほうじょうせんぽう,新年
香灯籠,こうどうろう,新年
香灯籠,こうどうろう,新年
興福寺心経会,こうふくじしんきょうえ,新年
蝙蝠凧,こうもりだこ,新年
肥背負,こえしょい,新年
肥曳き初,こえひきぞめ,新年
肥曳初,こえひきぞめ,新年
御会始,ごかいはじめ,新年
五角凧,ごかくだこ,新年
こがね草,こがねぐさ,新年
御歓楽,ごかんらく,新年
胡鬼板,こきいた,新年
漕初,こぎぞめ,新年
胡鬼の子,こぎのこ,新年
五形,ごぎょう,新年
御形,ごぎょう,新年
国分寺の初市,こくぶんじのはついち,新年
心竹,こころだけ,新年
御斎会,ごさいえ,新年
御斎会内論義,ごさいえのないろんぎ,新年
乞食正月,こじきしょうがつ,新年
後七日の御修法,ごしちにちのみしほ,新年
小正月,こしょうがつ,新年
御神火まつり,ごじんかまつり,新年
五辛盤,ごしんばん,新年
御前えんぶり,ごぜんえんぶり,新年
去年,こぞ・きょねん,新年
去年今年,こぞことし,新年
小袖凧,こそでだこ,新年
五大尊舞,ごだいそんまい,新年
小朝拝,こちょうばい,新年
木造始,こづくりはじめ,新年
小年,こどし,新年
今年,ことし・こんねん,新年
小年越,こどしこし,新年
小年夜,こどしよ,新年
小殿原,ことのばら,新年
事始,ことはじめ,新年
琴始,ことはじめ,新年
言触,ことぶれ,新年
糝祝ふ,こながきいわう,新年
小鰭の粟漬,こはだのあわづけ,新年
御印文戴き,ごはんいただき,新年
御判戴き,ごはんいただき,新年
小判売,こばんうり,新年
御判行事,ごはんぎょうじ,新年
御判初,ごはんはじめ,新年
御福の湯,ごふくのゆ,新年
牛蒡注連,ごぼうじめ,新年
独楽,こま,新年
小松引,こまつひき,新年
駒舞,こままい,新年
五万米,ごまめ,新年
御万歳,ごまんざい,新年
米花,こめばな,新年
蚕屋払,こやばらい,新年
御用始,ごようはじめ,新年
暦開き,こよみびらき,新年
こり初,こりぞめ,新年
御連歌始,ごれんがはじめ,新年
衣榧,ころもがや,新年
権現様,ごんげんさま,新年
権現舞,ごんげんまい,新年
ごんごん独楽,ごんごんごま,新年
昆布,こんぶ,新年
昆布飾る,こんぶかざる,新年
細工始,さいくはじめ,新年
歳始,さいし,新年
歳首,さいしゅ,新年
歳初,さいしょ,新年
才蔵,さいぞう,新年
西大寺大茶盛,さいだいじおおちゃもり,新年
西大寺参,さいだいじまいり,新年
歳旦,さいたん,新年
歳旦歌,さいたんか,新年
歳旦句,さいたんく,新年
歳旦祭,さいたんさい,新年
歳旦帳,さいたんちょう,新年
歳旦開,さいたんびらき,新年
歳旦三物,さいたんみつもの,新年
祭堂,ざいどう,新年
柴灯焼,さいとうやき,新年
さいと小屋,さいとごや,新年
寒灯焼,さいとやき,新年
さいと焼き,さいとやき,新年
斎日,さいにち,新年
幸の神の勧進,さいのかみのかんじん,新年
幸の神祭,さいのかみまつり,新年
塞の神祭,さいのかみまつり,新年
采配,さいはい,新年
菜盤,さいばん,新年
才麿忌,さいまろき,新年
幸籠,さいわいかご,新年
幸木,さいわいぎ・さいぎ,新年
嵯峨釈迦開帳,さがのしゃかかいちょう,新年
坂部の冬祭,さかんべのふゆまつり,新年
三木張,さぎちょう,新年
三毬杖,さぎちょう,新年
三鞠打,さぎちょう,新年
左義長,さぎちょう,新年
左義長踊,さぎちょうおどり,新年
さぎつ長,さぎっちょう,新年
朔旦,さくたん,新年
佐竹の人飾,さたけのひとかざり,新年
皐月祝,さつきいわい,新年
砂糖榧,さとうがや,新年
座頭暦,ざとうごよみ,新年
里下り,さとさがり・さとおり,新年
実朝忌,さねともき,新年
捌初,さばきぞめ,新年
早緑月,さみどりづき,新年
猿引,さるひき,新年
猿曳,さるひき,新年
猿舞師,さるまいし,新年
猿廻し,さるまわし,新年
参賀,さんが,新年
参賀,さんが,新年
三ガ日,さんがにち,新年
三ケ日,さんがにち,新年
算木牛蒡,さんぎごぼう,新年
算木茶菓,さんぎちゃか,新年
三毬杖,さんぎちょう・さぎちょう,新年
三元,さんげん,新年
三石昆布,さんごくこんぶ,新年
三始,さんし,新年
三十三間堂の楊枝浄水加持,さんじゅうさんげんどうのようじじょうすいかじ,新年
三旦,さんたん,新年
三朝,さんちょう,新年
三の卯,さんのう,新年
山王神事能,さんのうしんじのう,新年
三の富,さんのとみ,新年
三微月,さんびげつ,新年
山門開き,さんもんびらき,新年
三陽月,さんようげつ,新年
試穎,しえい,新年
慈恵大師忌,じえだいしき,新年
紙鳶,しえん,新年
塩数の子,しおかずのこ,新年
潮の水,しおのみず,新年
試簡,しかん,新年
試觚,しこ,新年
試毫,しごう,新年
仕事始,しごとはじめ,新年
獅子頭,ししがしら,新年
獅子頭の神事,ししがしらのしんじ,新年
獅子舞,ししまい,新年
仁寿殿観音供,じじゅでんのかんのんく,新年
試春,ししゅん,新年
慈照院殿忌,じしょういんでんき,新年
紫蘇粥,しそがゆ,新年
しそ飯,しそめし,新年
歯朶,しだ,新年
歯朶飾る,しだかざる,新年
字凧,じだこ,新年
七高山詣,しちこうざんまいり,新年
七福神詣,しちふくじんまいり,新年
七福詣,しちふくまいり,新年
七曜御暦奏,しちようごりゃくのそう・しちようのごりゃくのそう,新年
呢月,じつげつ,新年
四天王寺修正会,してんのうじしゅじょうえ,新年
芝居仕初,しばいしぞめ,新年
芝明神祭,しばみょうじんまつり,新年
試筆,しひつ,新年
四方拝,しほうはい,新年
仕舞初,しまいぞめ,新年
仕舞始,しまいはじめ,新年
島原の初寄り,しまばらのはつより,新年
事務始,じむはじめ,新年
注連明,しめあけ,新年
注連飾,しめかざり,新年
注連飾取る,しめかざりとる,新年
注連取る,しめとる,新年
注連縄,しめなわ,新年
七五三縄,しめなわ,新年
注連の内,しめのうち,新年
注連張神事,しめはりしんじ,新年
注連曳,しめひき,新年
注連貰,しめもらい,新年
試免,しめん,新年
尺次郎,しゃくじろう,新年
尺太郎,しゃくたろう,新年
射礼,じゃらい,新年
舎利出し,しゃりだし,新年
十王詣,じゅうおうまいり,新年
十五日粥,じゅうごにちがゆ,新年
十五日正月,じゅうごにちしょうがつ,新年
十七夜講,じゅうしちやこう,新年
重詰,じゅうづめ,新年
重詰料理,じゅうづめりょうり,新年
十二書き,じゅうにかき,新年
十二節,じゅうにせつ,新年
十八粥,じゅうはちがゆ,新年
十四日団子,じゅうよっかだんご,新年
十四日年越,じゅうよっかとしこし,新年
十六さすかり,じゅうろくさすかり,新年
十六日遊び,じゅうろくにちあそび,新年
十六日祭,じゅうろくにちさい,新年
十六むさし,じゅうろくむさし,新年
十六目石,じゅうろくむさし,新年
夙の者,しゅくのもの,新年
主月歳,しゅげつさい,新年
珠光餅,しゅこうもち,新年
首歳,しゅさい,新年
首春,しゅしゅん,新年
修正会,しゅしょうえ,新年
淑気,しゅっき・しゅくき,新年
出世双六,しゅっせすごろく,新年
尾類馬,じゅりうま,新年
春鶯囀,しゅんおうてん,新年
春首,しゅんしゅ,新年
春正月,しゅんしょうがつ,新年
春盤,しゅんばん,新年
春服,しゅんぷく,新年
春孟,しゅんもう,新年
叙位,じょい,新年
正月,しょうがつ,新年
正月小袖,しょうがつこそで,新年
正月小屋,しょうがつごや,新年
正月様,しょうがつさま,新年
正月さん,しょうがつさん,新年
正月茶,しょうがつちゃ,新年
正月場所,しょうがつばしょ,新年
正月餅,しょうがつもち,新年
正月礼,しょうがつれい,新年
上月,じょうげつ,新年
上元,じょうげん,新年
上元会,じょうげんえ,新年
上元の日,じょうげんのひ,新年
上元祭,じょうげんまつり,新年
椒酒,しょうしゅ,新年
上春,じょうしゅん,新年
椒觴,しょうしょう,新年
上辰日,じょうしんにち,新年
松竹梅飾る,しょうちくばいかざる,新年
上灯,じょうとう,新年
浄土双六,じょうどすごろく,新年
小楠公忌,しょうなんこうき,新年
生年祝,しょうねんいわい,新年
椒盃,しょうはい,新年
椒柏酒,しょうはくしゅ,新年
椒盤,しょうばん,新年
消防出初,しょうぼうでぞめ,新年
消防出初式,しょうぼうでぞめしき,新年
唱門師,しょうもじ,新年
上陽,じょうよう,新年
初月,しょげつ・はつづき,新年
初歳,しょさい,新年
諸司奏,しょしのそう,新年
初正,しょせい,新年
初節,しょせつ,新年
初旦,しょたん・はつあした,新年
諸堂詣,しょどうまいり,新年
初陽,しょよう,新年
尻張,しりはり,新年
汁会,しるかい,新年
始和,しわ,新年
新通,しんかよい,新年
新通ひ,しんかよい,新年
宝木,しんぎ,新年
神木,しんぎ,新年
神宮奏事始,じんぐうそうじはじめ,新年
新暦,しんごよみ,新年
新御霊御弓,しんごりょうのみたらし,新年
真言院の御修法,しんごんいんのみしほ,新年
新歳,しんさい,新年
人日,じんじつ,新年
新春,しんしゅん,新年
人正月,じんしょうがつ,新年
人勝節,じんしょうせつ,新年
人正,じんせい,新年
神前相場,しんぜんそうば,新年
神荼,しんと,新年
新日記,しんにっき,新年
新年,しんねん,新年
新年宴会,しんねんえんかい,新年
新年会,しんねんかい,新年
新年句会,しんねんくかい,新年
神馬藻,じんめそう・じんばそう,新年
新陽,しんよう,新年
水上消防出初式,すいじょうしょうぼうでぞめしき,新年
陬月,すうげつ,新年
素襖脱ぎ,すおうぬぎ,新年
梳初,すきぞめ,新年
梳きはじめ,すきはじめ,新年
双六,すごろく,新年
双六石,すごろくいし,新年
蘿蔔,すずしろ,新年
菘,すずな,新年
菁,すずな,新年
鈴菜,すずな,新年
頭陀巡行出初,ずだじゅんぎょうでぞめ,新年
頭痛粥,ずつうがゆ,新年
墨つけ,すみつけ,新年
墨付正月,すみつけしょうがつ,新年
墨塗,すみぬり,新年
角倉船乗初,すみのくらふなのりぞめ,新年
住吉御弓神事,すみよしおゆみしんじ,新年
住吉御弓,すみよしおんたらし,新年
住吉踏歌神事,すみよしとうかしんじ,新年
住吉蹈歌神事,すみよしとうかしんじ,新年
住吉踏歌節会,すみよしとうかせちえ,新年
住吉蹈歌節会,すみよしとうかせちえ,新年
住吉の白馬神事,すみよしのあおばのしんじ,新年
住吉の御弓,すみよしのおゆみ,新年
住吉御結鎮神事,すみよしみけちしんじ,新年
刷初,すりぞめ,新年
据り鯛,すわりだい,新年
据り餅,すわりもち,新年
すわり餅,すわりもち,新年
井華水,せいかすい,新年
生花始,せいかはじめ,新年
征月,せいげつ,新年
青歳,せいさい,新年
生菜,せいさい,新年
政事始,せいじはじめ,新年
政治始,せいじはじめ,新年
成人祭,せいじんさい,新年
成人式,せいじんしき,新年
成人の日,せいじんのひ,新年
聖旦,せいたん,新年
聖名祭,せいめいさい,新年
青陽,せいよう,新年
正陽,せいよう,新年
正陽月,せいようづき,新年
節饗,せちあえ,新年
節男,せちおとこ,新年
節木,せちぎ,新年
節客,せちきゃく,新年
節小袖,せちこそで,新年
節東風,せちごち,新年
節衣,せちごろも,新年
節座敷,せちざしき,新年
節布子,せちぬのこ,新年
節の日,せちのひ,新年
節振舞,せちぶるまい,新年
節料理,せちりょうり,新年
銭打,ぜにうち,新年
攤銭,ぜにうち,新年
意銭,ぜにうち・いせん,新年
銭独楽,ぜにごま,新年
蟬凧,せみだこ,新年
芹摘,せりつみ,新年
芹摘む,せりつむ,新年
芹薺,せりなずな,新年
扇子凧,せんすだこ,新年
千寿万歳,せんずまんざい,新年
千秋万歳,せんずまんざい,新年
浅草寺牛王加持,せんそうじごおうかじ,新年
浅草寺の温座陀羅尼,せんそうじのうんざだらに,新年
浅草寺亡者送り,せんそうじもうじゃおくり,新年
先祖正月,せんぞしょうがつ,新年
煎餅釣,せんべいつり,新年
仙木,せんぼく,新年
千本搗,せんぼんづき,新年
奏賀,そうが,新年
挿花始,そうかはじめ,新年
双紙売,そうしうり,新年
雑司ケ谷鬼子母神堂奉射,ぞうしがやきしもじんどうぶしゃ,新年
草子の読初,そうしのよみぞめ,新年
早春,そうしゅん,新年
惣汁,そうじる,新年
奏瑞,そうずい,新年
雑煮,ぞうに,新年
雑煮祝う,ぞうにいわう,新年
雑煮祝ふ,ぞうにいわう,新年
雑煮膳,ぞうにぜん,新年
雑煮箸,ぞうにばし,新年
雑煮腹,ぞうにばら,新年
雑煮餅,ぞうにもち,新年
雑煮椀,ぞうにわん,新年
相馬の墨塗,そうまのすみぬり,新年
狙翁,そおう,新年
狙公,そこう,新年
袖毬打,そでぎっちょう,新年
蘇民祭,そみんさい,新年
蘇民将来,そみんしょうらい,新年
蘇民曳,そみんひき,新年
染始,そめはじめ,新年
徂徠忌,そらいき,新年
橇乗初,そりのりぞめ,新年
橇乗始,そりのりはじめ,新年
逸れ羽子,そればね,新年
田遊,たあそび,新年
大神楽,だいかぐら,新年
太神楽,だいかぐら,新年
代神楽,だいかぐら,新年
泰月,たいげつ,新年
大元帥法,だいげんのほう,新年
大元帥明王初祈禱,だいげんみょうおうはつきとう,新年
大黒舞,だいこくまい,新年
大黒祭,だいこくまつり,新年
大黒廻し,だいこくまわし,新年
大根祝う,だいこんいわう,新年
大根祝ふ,だいこんいわう,新年
大根飾る,だいこんかざる,新年
大根注連,だいこんじめ,新年
大師粥,たいしがゆ,新年
帝釈天詣,たいしゃくてんまいり,新年
帝釈詣,たいしゃくまいり,新年
大臣家大饗,だいじんけのだいきょう,新年
大簇,たいそう,新年
代代,だいだい,新年
橙,だいだい,新年
代々飾る,だいだいかざる,新年
橙飾る,だいだいかざる,新年
大旦,だいたん・おおあした,新年
大日堂祭堂,だいにちどうさいどう,新年
大日詣,だいにちまいり,新年
大発会,だいはっかい,新年
大融寺の富,だいゆうじのとみ,新年
大顚忌,たいれいき,新年
田植踊,たうえおどり,新年
田打正月,たうちしょうがつ,新年
宝船,たからぶね,新年
宝船売,たからぶねうり,新年
宝船敷き寝,たからぶねしきね,新年
宝船敷く,たからぶねしく,新年
焚初,たきぞめ,新年
打毬,だきゅう,新年
竹飾,たけかざり,新年
凧,たこ,新年
凧揚げ,たこあげ,新年
凧の糸,たこのいと,新年
凧の尾,たこのお,新年
凧の骨,たこのほね,新年
太宰府追儺,だざいふついな,新年
太宰府天満宮の鬼すべ,だざいふてんまんぐうのおにすべ,新年
叩牛蒡,たたきごぼう,新年
叩き独楽,たたきごま,新年
叩初,たたきぞめ,新年
敲の与次郎,たたきのよじろう,新年
裁初,たちぞめ,新年
立花,たちばな,新年
橘,たちばな,新年
橘祝ふ,たちばないわう,新年
橘飾る,たちばなかざる,新年
田作,たづくり,新年
辰祭,たつまつり,新年
点初,たてぞめ,新年
伊達の墨塗,だてのすみぬり,新年
立松,たてまつ,新年
棚下り,たなおり,新年
店卸,たなおろし,新年
棚下し,たなおろし,新年
棚卸,たなおろし,新年
棚探し,たなさがし,新年
棚さらい,たなさらい,新年
棚ばらひ,たなばらい,新年
棚元探し,たなもとさがし,新年
田螺,たにし,新年
旅始,たびはじめ,新年
玉打,たまうち,新年
玉替神事,たまかえしんじ,新年
玉替祭,たまかえまつり,新年
玉せせり,たませせり,新年
玉せり祭,たませりまつり,新年
玉競祭,たませりまつり,新年
玉取祭,たまとりまつり,新年
玉の年,たまのとし,新年
玉の春,たまのはる,新年
玉振振,たまぶりぶり,新年
玉箒,たまぼうき,新年
太夫猿,たゆうざる,新年
達磨市,だるまいち,新年
達磨凧,だるまだこ,新年
達磨店,だるまみせ,新年
太郎次,たろうじ,新年
太郎月,たろうづき,新年
俵重,たわらかさね,新年
俵木,たわらぎ,新年
俵子,たわらご,新年
俵魚,たわらご,新年
俵福,たわらふく,新年
俵松,たわらまつ,新年
たはら藻,たわらも,新年
俵を重ぬ,たわらをかさぬ,新年
端月,たんげつ,新年
団子正月,だんごしょうがつ,新年
団子花,だんごばな,新年
端正月,たんしょうがつ,新年
団水忌,だんすいき,新年
丹頂,たんちょう,新年
知恩院の昆布式,ちおんいんのこんぶしき,新年
地正,ちせい,新年
知多万歳,ちたまんざい,新年
茶配,ちゃくばり,新年
茶筅松,ちゃせんまつ,新年
茶の挽初,ちゃのひきぞめ,新年
茶湯始,ちゃのゆはじめ,新年
廚下,ちゅうげ,新年
帳祝,ちょういわい,新年
朝賀,ちょうが,新年
帳書,ちょうがき,新年
町切餅,ちょうきりもち,新年
朝覲行幸,ちょうきんのぎょうこう,新年
帳綴,ちょうとじ,新年
手斧始,ちょうなはじめ,新年
釿始,ちょうなはじめ,新年
朝拝,ちょうはい,新年
帳始,ちょうはじめ,新年
勅題菓,ちょくだいか,新年
勅題菓子,ちょくだいかし,新年
猪日,ちょじつ,新年
千代名草,ちよなぐさ,新年
千代の春,ちよのはる,新年
長老木,ちょろぎ,新年
草石蚕,ちょろぎ,新年
丁呂喜,ちょろぎ,新年
甘露子,ちょろぎ,新年
滴露,ちょろぎ,新年
長老舞,ちょろまい,新年
衝羽子,つくばね,新年
辻宝引,つじほうびき,新年
蔦の正月,つたのしょうがつ,新年
鎚始,つちはじめ,新年
筒,つつ,新年
筒粥,つつがゆ,新年
包井開,つつみいびらき,新年
包尾の鯛,つつみおのたい,新年
鼓初,つづみはじめ,新年
鼓始,つづみはじめ,新年
包蓬萊,つつみほうらい,新年
綴暦,つづりごよみ,新年
苞入,つといり,新年
綱引,つなひき,新年
綱曳,つなひき,新年
角大師の像を貼る,つのだいしのぞうをはる,新年
螺,つぶ,新年
粒遊,つぶあそび,新年
積夜具,つみやぐ,新年
紡初,つむぎぞめ,新年
爪剪り湯,つめきりゆ,新年
鶴岡八幡宮の御璽頂き,つるがおかはちまんぐうのごはんいただき,新年
鶴岡八幡宮御璽頂き,つるがおかはちまんぐうのごはんいただき,新年
鶴太夫,つるだゆう,新年
鶴の庖丁,つるのほうちょう,新年
絃召酒盛,つるめそのさかもり,新年
聾戎,つんぼえびす,新年
手掛,てがけ,新年
てくぐつ廻し,てくぐつまわし,新年
木偶廻し,でくまわし,新年
出初,でぞめ,新年
出初鐘,でぞめがね,新年
出初式,でぞめしき,新年
鉄砲打始,てっぽううちはじめ,新年
手毬,てまり,新年
手鞠,てまり,新年
手毬唄,てまりうた,新年
手毬子,てまりこ,新年
手毬つき,てまりつき,新年
手毬つく,てまりつく,新年
寺年始,てらねんし,新年
田楽祭,でんがくまつり,新年
天狗の宴,てんぐのさかもり・てんぐのえん,新年
殿上の淵酔,てんじょうのえんずい,新年
殿上淵酔,てんじょうのえんずい,新年
天神旗,てんじんばた,新年
天神花,てんじんばな,新年
天正,てんせい,新年
伝奏下,てんそうくだり,新年
天地袋,てんちぶくろ,新年
点茶始,てんちゃはじめ,新年
天王寺牛玉出,てんのうじごだせ,新年
天王寺金堂手斧始,てんのうじこんどうちょうなはじめ,新年
天王寺生身供,てんのうじしょうじんく,新年
戸開初,とあけぞめ,新年
戸開始,とあけはじめ,新年
東叡山大黒の湯,とうえいざんだいこくのゆ,新年
踏歌,とうか,新年
蹈歌,とうか,新年
蹈歌節会,とうかのせちえ,新年
桃梗,とうこう,新年
唐独楽,とうごま,新年
肇歳,とうさい,新年
投扇,とうせん,新年
投扇興,とうせんきょう,新年
道祖神祭,どうそじんまつり,新年
道中,どうちゅう,新年
道中双六,どうちゅうすごろく,新年
登宇斗祭,とうとまつり,新年
桃仁湯,とうにんとう,新年
当年,とうねん,新年
桃板,とうはん,新年
桃符,とうふ,新年
東福寺羅漢供,とうふくじらかんく,新年
胴ふぐり,どうふぐり,新年
膏薬,とうやく,新年
膏薬奉る,とうやくたてまつる,新年
灯楼,とうろう,新年
道禄神祭,どうろくじんまつり,新年
十日戎,とおかえびす,新年
十日汁,とおかじる,新年
十日酔羹,とおかじる,新年
読書始,どくしょはじめ,新年
徳助お福,とくすけおふく,新年
徳若,とくわか,新年
草薢,ところ,新年
野老,ところ,新年
野老祝ふ,ところいわう,新年
野老飾る,ところかざる,新年
年明く,としあく,新年
年新た,としあらた,新年
年改まる,としあらたまる,新年
年桶おろし,としおけおろし,新年
年男,としおとこ,新年
年卸,としおろし,新年
年神,としがみ,新年
年変る,としかわる,新年
年木,としぎ,新年
年薦,としごも,新年
年越ゆる,としこゆる,新年
年爺さん,としじいさん,新年
年立ちかえる,としたちかえる,新年
年立返る,としたちかえる,新年
年立つ,としたつ,新年
年棚,としだな,新年
年玉,としだま,新年
年俵,としだわら,新年
歳徳,としとく,新年
年徳さん,としとくさん,新年
歳徳神,としとくじん,新年
歳徳神棚,としとくじんだな,新年
歳徳棚,としとくだな,新年
年縄,としなわ,新年
年の饗,としのあえ,新年
年の魚,としのうお,新年
年の賀,としのが,新年
年の髪,としのかみ,新年
年の端,としのは,新年
年の始,としのはじめ,新年
年の花,としのはな,新年
年の餅,としのもち,新年
年の礼,としのれい,新年
年端月,としはづき,新年
年日祝,としびいわい,新年
年待月,としまちづき,新年
歳山祭,としやままつり,新年
度嶂散,どしょうさん,新年
屠蘇,とそ,新年
屠蘇祝う,とそいわう,新年
屠蘇祝ふ,とそいわう,新年
屠蘇延命散,とそえんめいさん,新年
屠蘇御流れ頒与,とそおながれはんよ,新年
屠蘇散,とそさん,新年
屠蘇酒,とそしゅ・とそざけ,新年
屠蘇の香,とそのか,新年
屠蘇の酔,とそのよい,新年
屠蘇袋,とそぶくろ,新年
宿直人,とのいびと,新年
鳥羽火祭,とばひまつり,新年
飛双六,とびすごろく,新年
鳶だこ,とびだこ,新年
鳶凧,とびだこ,新年
鳥総松,とぶさまつ,新年
土芳忌,とほうき,新年
富正月,とみしょうがつ,新年
富札,とみふだ,新年
鞆八幡の御弓神事,ともはちまんのおゆみしんじ,新年
豊国忌,とよくにき,新年
豊橋鬼祭,とよはしおにまつり,新年
とらの月,とらのつき,新年
鳥追,とりおい,新年
鳥追遊,とりおいあそび,新年
鳥追遊び,とりおいあそび,新年
鳥追唄,とりおいうた,新年
鳥追小屋,とりおいごや,新年
鳥追大夫,とりおいだゆう,新年
鳥追櫓,とりおいやぐら,新年
取札,とりふだ,新年
とろろ正月,とろろしょうがつ,新年
止牟止,とんど,新年
爆竹,とんど・ばくちく,新年
どんど正月,どんどしょうがつ,新年
どんど場,どんどば,新年
どんどん小屋,どんどんごや,新年
どんどん焼き,どんどんやき,新年
内宴,ないえん,新年
内侍所の御供,ないしどころのごく,新年
内侍迎,ないしむかえ,新年
綯初,ないぞめ,新年
菜売,なうり,新年
儺追風,なおいかぜ,新年
儺追神事,なおいのしんじ,新年
儺追祭,なおいまつり,新年
直会祭,なおえまつり,新年
長昆布,ながこんぶ,新年
長滝白山神社六日祭,ながたきはくさんじんじゃむいかさい,新年
長熨斗,ながのし,新年
泣初,なきぞめ,新年
梛葉飾る,なぎのはかざる,新年
なごめ剝,なごめはぎ,新年
薺,なずな,新年
薺打,なずなうち,新年
薺打つ,なずなうつ,新年
薺売,なずなうり,新年
薺粥,なずながゆ,新年
薺粥,なずながゆ,新年
薺摘,なずなつみ,新年
薺摘む,なずなつむ,新年
薺爪,なずなづめ,新年
薺の拍子,なずなのひょうし,新年
薺はやす,なずなはやす,新年
菜候,なそう,新年
菜摘川の神事,なつみがわのしんじ,新年
菜爪,なづめ,新年
七草,ななくさ,新年
七種,ななくさ,新年
七草打,ななくさうち,新年
七種売,ななくさうり,新年
七種粥,ななくさがゆ,新年
七草たたく,ななくさたたく,新年
七種爪,ななくさづめ,新年
七草菜,ななくさな,新年
七草はやす,ななくさはやす,新年
七草祭,ななくさまつり,新年
七種祭,ななくさまつり,新年
七種貰,ななくさもらい,新年
七種貰い,ななくさもらい,新年
七瀬川の裸踊,ななせがわのはだかおどり,新年
七雑炊,ななぞうすい,新年
七日,なぬか・なのか,新年
七日粥,なぬかがゆ,新年
七日正月,なぬかしょうがつ,新年
七日爪,なぬかづめ,新年
七日粥,なのかがゆ,新年
七日の節句,なのかのせっく,新年
莫告藻,なのりそ,新年
莫鳴菜,なのりそ,新年
生身剝,なまみはぎ,新年
なもみ剝,なもみはぎ,新年
なもみ剝ぎ,なもみはぎ,新年
成祝,なりいわい,新年
成木責,なりきぜめ,新年
縄祝,なわいわい,新年
縄飾り,なわかざり,新年
縄引,なわひき,新年
南京凧,なんきんだこ,新年
南部暦,なんぶごよみ,新年
新霞,にいがすみ,新年
新野の雪祭,にいののゆきまつり,新年
二宮大饗,にぐうのだいきょう,新年
西浦田楽,にしうれでんがく,新年
螺肴,にしざかな,新年
西七条田植神事,にししちじょうたうえしんじ,新年
西宮の居籠,にしのみやのいごもり,新年
西本願寺報恩講,にしほんがんじほうおんこう,新年
日朗忌,にちろうき,新年
日記始,にっきはじめ,新年
担茶屋,にないぢゃや,新年
二の卯,にのう,新年
二の替,にのかわり,新年
二の富,にのとみ,新年
二番正月,にばんしょうがつ,新年
繞道祭,にょうどうさい,新年
女叙位,にょじょい・おんなじょい,新年
睨鯛,にらみだい,新年
にらみ鯛,にらみだい,新年
庭竈,にわかまど,新年
庭田植,にわたうえ,新年
雞を画く,にわとりをかく,新年
人形凧,にんぎょうだこ,新年
人形まはし,にんぎょうまわし,新年
人形廻し,にんぎょうまわし,新年
縫初,ぬいぞめ,新年
縫始,ぬいはじめ,新年
寝正月,ねしょうがつ,新年
根白草,ねじろぐさ,新年
子の日,ねのひ,新年
子の日草,ねのひぐさ,新年
子日草,ねのひぐさ,新年
子の日衣,ねのひごろも,新年
子日月,ねのひづき,新年
子の日の遊,ねのひのあそび,新年
子の日の宴,ねのひのえん,新年
子の日の松,ねのひのまつ,新年
子日山,ねのひやま,新年
年賀,ねんが,新年
年賀客,ねんがきゃく,新年
年賀状,ねんがじょう,新年
年賀電報,ねんがでんぽう,新年
年賀はがき,ねんがはがき,新年
年賀端書,ねんがはがき,新年
年賀人,ねんがびと,新年
年賀郵便,ねんがゆうびん,新年
年始,ねんし,新年
年始,ねんし,新年
年始会,ねんしえ,新年
年始客,ねんしきゃく,新年
年始酒,ねんしざけ,新年
年始状,ねんしじょう,新年
年始廻り,ねんしまわり,新年
年酒,ねんしゅ・としざけ,新年
年酒祝う,ねんしゅいわう,新年
年初,ねんしょ,新年
年初月,ねんしょづき,新年
年頭,ねんとう,新年
年頭,ねんとう,新年
念仏の口明,ねんぶつのくちあけ,新年
年礼,ねんれい,新年
農立,のうたて,新年
能初,のうはじめ,新年
能始,のうはじめ,新年
農始,のうはじめ,新年
野大坪万歳,のおつぼまんざい,新年
残り戎,のこりえびす,新年
残り天神,のこりてんじん,新年
残り福,のこりふく,新年
熨斗,のし,新年
熨斗鮑,のしあわび,新年
熨斗羽子,のしばね,新年
苗手綯,のでない,新年
箆岳白山祭,ののたけはくさんまつり,新年
箆宮祭,ののみやまつり,新年
乗初,のりぞめ,新年
騎初,のりぞめ,新年
乗出し,のりだし,新年
騎始,のりはじめ,新年
賭弓,のりゆみ,新年
賭射,のりゆみ,新年
拝賀,はいが,新年
拝賀式,はいがしき,新年
海螺独楽,ばいごま,新年
海螺の身,ばいのみ,新年
海贏の身,ばいのみ,新年
歯打,はうち,新年
博多独楽,はかたごま,新年
博多松囃子,はかたまつばやし,新年
歯固,はがため,新年
歯固の餅,はがためのもち,新年
掃かぬ家例,はかぬかれい,新年
掃込め,はきこめ,新年
掃初,はきぞめ,新年
獏の札,ばくのふだ,新年
白馬祭,はくばさい,新年
獏枕,ばくまくら,新年
貘枕,ばくまくら,新年
羽子板,はごいた,新年
羽ごの子,はごのこ,新年
蘩蔞,はこべ,新年
箸紙,はしがみ,新年
梯子乗,はしごのり,新年
馬日,ばじつ,新年
箸包,はしづつみ,新年
柱暦,はしらごよみ,新年
葩煎,はぜ,新年
葩煎売,はぜうり,新年
長谷のだだおし,はせのだだおし,新年
葩煎袋,はぜぶくろ,新年
裸押,はだかおし,新年
裸押し,はだかおし,新年
旗凧,はただこ,新年
機始,はたはじめ,新年
機場始,はたばはじめ,新年
機屋始,はたやはじめ,新年
鉢叩出初,はちたたきでぞめ,新年
初県,はつあがた,新年
初暁,はつあかつき,新年
初茜,はつあかね,新年
初茜空,はつあかねぞら,新年
初明,はつあかり,新年
初商,はつあきない,新年
初曙,はつあけぼの,新年
初朝戸出,はつあさとで,新年
初旭,はつあさひ,新年
初浅間,はつあさま,新年
初垜,はつあずち,新年
初愛宕,はつあたご,新年
初亥,はつい,新年
初衣桁,はついこう,新年
初衣裳,はついしょう,新年
初伊勢,はついせ,新年
初勢踊,はついせおどり,新年
初市,はついち,新年
初市場,はついちば,新年
初卯,はつう,新年
初魚,はつうお,新年
初鶯,はつうぐいす,新年
初卯杖,はつうづえ,新年
初撮し,はつうつし,新年
初卯詣,はつうまいり,新年
初卯祭,はつうまつり,新年
初駅,はつうまや,新年
初売,はつうり,新年
初売出し,はつうりだし,新年
初運座,はつうんざ,新年
初笑顔,はつえがお,新年
初靨,はつえくぼ,新年
初戎,はつえびす,新年
初烏帽子,はつえぼし,新年
初閻魔,はつえんま,新年
初扇,はつおうぎ,新年
初大鼓,はつおおかわ,新年
初沖,はつおき,新年
初斧,はつおの,新年
初札,はつおふだ,新年
初会,はつかい,新年
初買,はつかい,新年
初懐紙,はつかいし,新年
初開扉,はつかいひ,新年
二十日祝,はつかいわい,新年
刃柄祝,はつかいわい,新年
二十日戎,はつかえびす,新年
二十日戎祭,はつかえびすまつり,新年
初顔祝,はつかおいわい,新年
初鏡,はつかがみ,新年
初神楽,はつかぐら,新年
初駕籠,はつかご,新年
初重ね,はつがさね,新年
初火事,はつかじ,新年
初鍛冶,はつかじ,新年
初炊ぎ,はつかしぎ,新年
二十日正月,はつかしょうがつ,新年
初霞,はつがすみ,新年
初風,はつかぜ,新年
二十日団子,はつかだんご,新年
初鰹神供,はつがつおのしんく,新年
初門出,はつかどで,新年
初鐘,はつかね,新年
初釜,はつがま,新年
初窯,はつがま,新年
初竈,はつかまど,新年
初髪,はつかみ,新年
二十日夜祭,はつかよまつり,新年
初鴉,はつがらす,新年
初観音,はつかんのん,新年
初甲子,はつきのえね・はつかっし,新年
初灸,はつきゅう,新年
初吟行,はつぎんこう,新年
初句会,はつくかい,新年
初車,はつぐるま,新年
初鍬入,はつくわいれ,新年
初稽古,はつげいこ,新年
初気色,はつげしき,新年
初景色,はつげしき,新年
初化粧,はつげしょう,新年
初削,はつけずり,新年
初講書,はつこうしょ,新年
初庚申,はつこうしん,新年
初弘法,はつこうぼう,新年
初声,はつこえ,新年
初肥,はつこえ,新年
初虚空蔵,はつこくうぞう,新年
初東風,はつこち,新年
初国旗,はつこっき,新年
初金刀比羅,はつことひら,新年
初護摩,はつごま,新年
初暦,はつごよみ,新年
初勤行,はつごんぎょう,新年
初金毘羅,はつこんぴら,新年
発歳,はつさい,新年
初細工,はつざいく,新年
初座敷,はつざしき,新年
初参宮,はつさんぐう,新年
初仕事,はつしごと,新年
初自動車,はつじどうしゃ,新年
初東雲,はつしののめ,新年
初芝居,はつしばい,新年
初時報,はつじほう,新年
初島田,はつしまだ,新年
初事務,はつじむ,新年
初写真,はつしゃしん,新年
発春,はつしゅん,新年
初松韻,はつしょういん,新年
初聖天,はつしょうてん,新年
初松籟,はつしょうらい,新年
初水天宮,はつすいてんぐう,新年
初雀,はつすずめ,新年
初硯,はつすずり,新年
初相撲,はつすもう,新年
初刷,はつずり,新年
初席,はつせき,新年
初掃除,はつそうじ,新年
初草子,はつぞうし,新年
初相場,はつそうば,新年
初曾我,はつそが,新年
初祖師,はつそし,新年
初染,はつぞめ,新年
初空,はつぞら,新年
初空月,はつぞらづき,新年
初太鼓,はつたいこ,新年
初太鼓,はつだいこ,新年
初大黒,はつだいこく,新年
初大師,はつだいし,新年
初帝釈,はつたいしゃく,新年
はったい正月,はったいしょうがつ,新年
初田打,はつたうち,新年
初立会,はつたちあい,新年
初辰,はつたつ,新年
初辰の水,はつたつのみず,新年
初田鶴,はつたづる・はつたづ,新年
初旅,はつたび,新年
初便,はつだより,新年
初便り,はつだより,新年
初俵,はつたわら,新年
初茶杓,はつちゃしゃく,新年
初茶筅,はつちゃせん,新年
初茶湯,はつちゃのゆ,新年
初彫刻,はつちょうこく,新年
初手水,はつちょうず,新年
初筑波,はつつくば,新年
初鼓,はつつづみ,新年
初鶴,はつづる,新年
初釣瓶,はつつるべ,新年
初出,はつで,新年
初提唱,はつていしょう,新年
初点前,はつてまえ,新年
初テレビ,はつてれび,新年
初電車,はつでんしゃ,新年
初天神,はつてんじん,新年
初電話,はつでんわ,新年
初灯明,はつとうみょう,新年
初十日,はつとおか,新年
初読経,はつどきょう,新年
初年,はつとし,新年
初登城,はつとじょう,新年
初戸出,はつとで,新年
初灯,はつともし,新年
初寅,はつとら,新年
初寅参,はつとらまいり,新年
初寅詣,はつとらまいり,新年
初鳥,はつどり,新年
初雞,はつどり,新年
初鶏,はつとり・はつどり,新年
初泣,はつなき,新年
初凪,はつなぎ,新年
初薺,はつなずな,新年
初荷,はつに,新年
初荷馬,はつにうま,新年
初荷駅,はつにえき,新年
初荷車,はつにぐるま,新年
初荷橇,はつにぞり,新年
初日記,はつにっき,新年
初荷船,はつにぶね,新年
初庭,はつにわ,新年
初子,はつね,新年
初音売,はつねうり,新年
初寝覚,はつねざめ,新年
初子のけふの玉箒,はつねのきょうのたまぼうき,新年
初子の玉箒,はつねのたまほうき,新年
初子の日,はつねのひ,新年
初音笛,はつねぶえ,新年
初能,はつのう,新年
初登,はつのぼり,新年
初乗,はつのり,新年
初騎,はつのり,新年
初場所,はつばしょ,新年
初機,はつはた,新年
初鳩,はつばと,新年
初咄,はつはなし,新年
初話,はつはなし,新年
初浜,はつはま,新年
初祓,はつはらい,新年
初針,はつはり,新年
初春,はつはる・しょしゅん,新年
初春狂言,はつはるきょうげん,新年
初春月,はつはるづき,新年
初晴,はつばれ,新年
初日,はつひ,新年
初陽,はつひ,新年
初比叡,はつひえい,新年
初日拝む,はつひおがむ,新年
初日影,はつひかげ,新年
初弾,はつひき,新年
初飛脚,はつひきゃく,新年
初披講,はつひこう,新年
初飛行,はつひこう,新年
初火熨斗,はつひのし,新年
初日の出,はつひので,新年
初日山,はつひやま,新年
初屛風,はつびょうぶ,新年
初開き,はつびらき,新年
初鞴,はつふいご,新年
初富士,はつふじ,新年
初不動,はつふどう,新年
初船,はつふね,新年
初風呂,はつぶろ,新年
初弁才天,はつべんざいてん,新年
初弁天,はつべんてん,新年
初箒,はつぼうき,新年
初法座,はつほうざ,新年
初放送,はつほうそう,新年
初星,はつぼし,新年
初彫,はつほり,新年
初参,はつまいり,新年
初枕,はつまくら,新年
初松風,はつまつかぜ,新年
初鞠,はつまり,新年
初巳,はつみ,新年
初神籤,はつみくじ,新年
初御籤,はつみくじ,新年
初弥撒,はつみさ,新年
初水,はつみず,新年
初三十日,はつみそか,新年
初晦日,はつみそか,新年
初御空,はつみそら,新年
初見月,はつみづき,新年
初御堂,はつみどう,新年
初妙見,はつみょうけん,新年
初昔,はつむかし,新年
初詣,はつもうで,新年
初やいと,はつやいと,新年
初薬師,はつやくし,新年
初社,はつやしろ,新年
初山,はつやま,新年
初山入,はつやまいり,新年
初山踏,はつやまぶみ,新年
初湯,はつゆ,新年
初結,はつゆい,新年
初湯殿,はつゆどの,新年
初弓,はつゆみ,新年
初夢,はつゆめ,新年
初夜明,はつよあけ,新年
初代草,はつよぐさ,新年
初寄席,はつよせ,新年
初寄,はつより,新年
初寄合,はつよりあい,新年
初ラヂオ,はつらじお,新年
初漁,はつりょう,新年
初漁祝い,はつりょういわい,新年
初礼,はつれい,新年
初礼者,はつれいしゃ,新年
初連歌,はつれんが,新年
初若菜,はつわかな,新年
初渡舟,はつわたし,新年
初笑,はつわらい,新年
花飾,はなかざり,新年
花歌留多,はなかるた,新年
花がるた,はながるた・はなかるた,新年
花小袖,はなこそで,新年
花暦,はなごよみ,新年
話初,はなしぞめ,新年
花正月,はなしょうがつ,新年
花の内,はなのうち,新年
花の春,はなのはる,新年
花水祝,はなみずいわい,新年
花餅,はなもち,新年
羽子,はね・はご,新年
羽子日和,はねこびより,新年
羽子つき,はねつき,新年
羽子つく,はねつく,新年
柞森の居籠,ははそのもりのいごもり,新年
馬場始,ばばはじめ,新年
浜拝,はまおがみ,新年
鉄槌始,はまはじめ,新年
浜矢,はまや,新年
破魔矢,はまや,新年
破魔弓,はまゆみ,新年
流行正月,はやりしょうがつ,新年
腹赤奏,はらかのそう,新年
腹赤の贄,はらかのにえ,新年
腹太箸,はらふとばし,新年
孕み箸,はらみばし,新年
孕め打,はらめうち,新年
針打,はりうち,新年
針起し,はりおこし,新年
針煎餅,はりせんべい,新年
春衣,はるぎ,新年
春着,はるぎ,新年
春祈禱,はるぎとう,新年
春鍬,はるくわ,新年
春小袖,はるこそで,新年
春駒,はるこま,新年
春駒踊,はるこまおどり,新年
春駒舞,はるこままい,新年
春駒万歳,はるこままんざい,新年
春芝居,はるしばい,新年
春田打,はるたうち,新年
春永,はるなが,新年
春の旦,はるのあした,新年
春除目,はるのじもく,新年
春の初風,はるのはつかぜ,新年
春の礼,はるのれい,新年
春袋,はるぶくろ,新年
晴御膳,はれのおもの,新年
晴の御膳,はれのごぜん,新年
板木凧,はんぎだこ,新年
般舟院開帳,はんじゅいんのかいちょう,新年
半鐘独楽,はんしょうごま,新年
盤双六,ばんすごろく,新年
万春楽,ばんすらく,新年
東本願寺献盃式,ひがしほんがんじけんぱいしき,新年
東本願寺修正会,ひがしほんがんじしゅじょうえ,新年
火斑たぐり,ひがたたぐり,新年
挽初,ひきぞめ,新年
弾初,ひきぞめ,新年
火鑽餅,ひきりのもち,新年
菱の葩をほこらす,ひしのはなびらをほこらす,新年
菱の花を爆らす,ひしのはなをほこらす,新年
菱葩餅,ひしはなびらもち,新年
毘沙門功徳経,びしゃもんくどくきょう,新年
毘沙門の使,びしゃもんのつかい,新年
常陸帯,ひたちおび,新年
常陸帯の神事,ひたちおびのしんじ,新年
常陸帯の祭,ひたちおびのまつり,新年
人飾,ひとかざり,新年
一鍬,ひとくわ,新年
人の日,ひとのひ,新年
人を帳に貼す,ひとをとばりにちょうす,新年
火縄売,ひなわうり,新年
氷の様,ひのためし,新年
氷様奏,ひのためしのそう,新年
日の始,ひのはじめ,新年
日待,ひまち,新年
姫小松,ひめこまつ,新年
ひめ始,ひめはじめ,新年
飛馬始,ひめはじめ,新年
姫始,ひめはじめ,新年
姫糊始,ひめはじめ,新年
密事始,ひめはじめ,新年
火水始,ひめはじめ,新年
糄𥻨始,ひめはじめ,新年
白散,びゃくさん,新年
百人一首,ひゃくにんいっしゅ,新年
日やり踊,ひやりおどり,新年
鵯踊,ひよどりおどり,新年
枚岡の御粥,ひらおかのおかゆ,新年
枚岡の御粥占神事,ひらおかのおかゆうらしんじ,新年
開牛蒡,ひらきごぼう,新年
開豆,ひらきまめ,新年
平座見参,ひらざのげざん,新年
賓頭盧廻,びんずるまわし,新年
吹革始,ふいごはじめ,新年
鞴始,ふいごはじめ,新年
吹初,ふきぞめ,新年
籟初,ふきぞめ,新年
吹始,ふきはじめ,新年
拭始,ふきはじめ,新年
福飴,ふくあめ,新年
武具鏡開,ぶぐかがみびらき,新年
福搔,ふくかき,新年
福笹,ふくささ,新年
ふくさ藁,ふくさわら,新年
福寿草,ふくじゅそう,新年
福神詣,ふくじんまいり,新年
福助駕,ふくすけかご,新年
福助籠,ふくすけかご,新年
福達磨,ふくだるま,新年
福茶,ふくちゃ,新年
福杖,ふくづえ,新年
福包,ふくつつみ,新年
福寅,ふくとら,新年
福鍋,ふくなべ,新年
福引,ふくびき,新年
福詣,ふくまいり,新年
福水,ふくみず,新年
福筵,ふくむしろ,新年
福餅神事,ふくもちしんじ・ふくのもちしんじ,新年
福沸,ふくわかし,新年
福藁,ふくわら,新年
福笑い,ふくわらい,新年
福笑ひ,ふくわらい,新年
福藁敷く,ふくわらしく,新年
武家餅,ぶけもち,新年
畚下し,ふごおろし,新年
歩射祭,ぶしゃさい,新年
無精独楽,ぶしょうごま,新年
布施籠,ふせごもり,新年
布施参,ふせまいり,新年
舞台始,ぶたいはじめ,新年
二薺,ふたなずな,新年
二閒の供,ふたまのく,新年
二日,ふつか,新年
二日着,ふつかぎ,新年
二日の海,ふつかのうみ,新年
二日の酒,ふつかのさけ,新年
二日の海鼠の膾,ふつかのなまこのなます,新年
二日の富士,ふつかのふじ,新年
二日の町,ふつかのまち,新年
二日山,ふつかやま,新年
仏法双六,ぶっぽうすごろく,新年
筆始,ふではじめ,新年
筆を試む,ふでをこころむ,新年
太箸,ふとばし,新年
伏兎糫餅,ふとまがりもち,新年
太占祭,ふとまにまつり,新年
船起,ふなおこし,新年
船方祭,ふなかたまつり,新年
船霊節句,ふなだませっく,新年
船霊祭,ふなだままつり,新年
船出始,ふなではじめ,新年
船乗初,ふなのりぞめ,新年
船初,ふなはじめ,新年
振振,ぶりぶり,新年
振振毬打,ぶりぶりぎっちょう,新年
古年,ふるとし,新年
遍昭忌,へんじょうき,新年
ほいたけ棒,ほいたけぼう,新年
芳歳,ほうさい,新年
方歳,ほうさい,新年
祝園の居籠,ほうぞののいごもり,新年
法談始,ほうだんはじめ,新年
庖丁始,ほうちょうはじめ,新年
庖丁始,ほうちょうはじめ,新年
豊年棚,ほうねんだな,新年
宝引,ほうびき・たからびき,新年
宝引銭,ほうびきぜに,新年
宝引縄,ほうびきなわ,新年
鳳尾草,ほうびそう,新年
防風粥,ぼうふうがゆ,新年
蓬萊,ほうらい,新年
蓬萊飾,ほうらいかざり,新年
蓬萊山,ほうらいさん,新年
蓬萊台,ほうらいだい,新年
蓬萊盆,ほうらいぼん,新年
宝恵駕,ほえかご・ほいかご,新年
穂木,ほぎ,新年
星新し,ほしあたらし,新年
乾柿飾る,ほしがきかざる,新年
星仏,ほしぼとけ,新年
星を唱ふ,ほしをとなう,新年
穂垂れ,ほだれ,新年
穂俵,ほだわら,新年
穂俵飾る,ほだわらかざる,新年
仏正月,ほとけしょうがつ,新年
仏の口明,ほとけのくちあけ,新年
仏の座,ほとけのざ,新年
仏の正月,ほとけのしょうがつ,新年
仏の年越,ほとけのとしこし,新年
仏の日,ほとけのひ,新年
穂長,ほなが,新年
穂長,ほなが,新年
骨正月,ほねしょうがつ,新年
甫年,ほねん,新年
ほめ羅,ほめら,新年
彫初,ほりぞめ,新年
掘初,ほりぞめ,新年
本暦,ほんごよみ,新年
誉田八幡水斗,ほんだはちまんみずはかり,新年
梵天,ぼんてん,新年
梵天奉納祭,ぼんてんほうのうさい,新年
梵天祭,ぼんてんまつり,新年
響葫蘆,ほんぴん,新年
舞御覧,まいごらん,新年
舞猿,まいざる,新年
舞初,まいぞめ,新年
舞舞,まいまい,新年
前垂注連,まえだれじめ,新年
巻暦,まきごよみ,新年
正行忌,まさつらき,新年
魔多羅神祭,まだらじんまつり,新年
町汁,まちじる,新年
町羹,まちじる,新年
松上り,まつあがり,新年
松明,まつあけ,新年
松一対,まついっつい,新年
松謡,まつうたい,新年
松送,まつおくり,新年
松納,まつおさめ,新年
松下し,まつおろし,新年
松がさね,まつがさね,新年
松飾,まつかざり,新年
松過,まつすぎ,新年
松倒し,まつたおし,新年
松取る,まつとる,新年
松直し,まつなおし,新年
松七日,まつなぬか,新年
松の内,まつのうち,新年
松尾山神祭,まつのおさんじんさい・まつのおやまがみまつり,新年
松の門,まつのかど,新年
松拍子,まつばやし,新年
松囃子,まつばやし,新年
松引,まつひき,新年
松引,まつひき,新年
松箒,まつぼうき,新年
松本の塩市,まつもとのしおいち,新年
政始,まつりごとはじめ,新年
的始,まとはじめ,新年
俎始,まないたはじめ,新年
俎開,まないたびらき,新年
俎切始,まなきりはじめ,新年
俎始,まなはじめ,新年
繭玉,まゆだま,新年
繭玉祝う,まゆだまいわう,新年
繭玉祝ふ,まゆだまいわう,新年
繭団子,まゆだんご,新年
繭餅,まゆもち,新年
毬唄,まりうた,新年
摩利支天詣,まりしてんまいり,新年
鞠始,まりはじめ,新年
丸岡火祭,まるおかひまつり,新年
廻り双六,まわりすごろく,新年
万歳,まんざい,新年
万歳扇,まんざいおうぎ,新年
万歳大夫,まんざいだゆう,新年
万歳楽,まんざいらく,新年
万秋楽,まんずらく,新年
新十六日,みいじゅうるくにち,新年
美江寺御蚕祭,みえでらおこまつり,新年
美江寺祭,みえでらまつり,新年
御薪,みかまぎ・みまき,新年
御薪奉る,みかまぎたてまつる,新年
御粥を献ず,みかゆをけんず,新年
三河万歳,みかわまんざい,新年
蜜柑納,みかんおさめ,新年
蜜柑飾る,みかんかざる,新年
御薬を供ず,みくすりをくうず,新年
弥撒始,みさはじめ,新年
三島御田打祭,みしまおたうちまつり,新年
水浴せ,みずあびせ,新年
水祝,みずいわい,新年
水かけ祝,みずかけいわい,新年
水掛祝,みずかけいわい,新年
水掛振舞,みずかけぶるまい,新年
御修法,みずほう,新年
晦日正月,みそかしょうがつ,新年
晦日団子,みそかだんご,新年
晦日宵,みそかよい,新年
味噌雑煮,みそぞうに,新年
御杖,みつえ,新年
三日,みっか,新年
三日着,みっかぎ,新年
三の晨,みつのあした,新年
三の始,みつのはじめ,新年
三物,みつもの,新年
三物売,みつものうり,新年
三物俳諧,みつものはいかい,新年
三物連歌,みつものれんが,新年
御戸代神事,みとしろしんじ,新年
御執奏,みとらしのそう,新年
箕面山弁才天参,みのおさんべんざいてんまいり,新年
箕面山弁財天参,みのおさんべんざいてんまいり,新年
箕面富突,みのおとみつき,新年
箕面の富,みのおのとみ,新年
三保参,みほまいり,新年
三保祭,みほまつり,新年
明慧忌,みょうえき,新年
茗荷祭,みょうがまつり,新年
御代の春,みよのはる,新年
六日,むいか,新年
六日爪,むいかづめ,新年
六日年,むいかどし,新年
六日年越,むいかとしこし,新年
迎ふ年,むかうとし,新年
迎うる年,むかうるとし,新年
百足小判,むかでこばん,新年
麦正月,むぎしょうがつ,新年
武蔵,むさし,新年
むさし八道,むさしさすかり,新年
むしつ汁,むしつじる,新年
結びこぶ,むすびこぶ,新年
結びこぶ祝う,むすびこぶいわう,新年
結昆布,むすびこんぶ,新年
結び昆布祝う,むすびこんぶいわう,新年
結び昆布祝ふ,むすびこんぶいわう,新年
結柳,むすびやなぎ,新年
睦月,むつき,新年
むつび月,むつびつき,新年
睦み昆布,むつみこんぶ,新年
睦昆布,むつみこんぶ,新年
むつみ月,むつみつき,新年
名刺受,めいしうけ,新年
名刺交換会,めいしこうかんかい,新年
名物双六,めいぶつすごろく,新年
盲暦,めくらごよみ,新年
面被り,めんかぶり,新年
亡者送り,もうじゃおくり,新年
孟春,もうしゅん,新年
孟陬,もうすう,新年
毛越寺延年,もうつじえんねん,新年
孟陽,もうよう,新年
土龍打,もぐらうち,新年
もぐら追,もぐらおい,新年
土龍追,もぐらおい,新年
土龍送り,もぐらおくり,新年
万代精進,もずしょうじん,新年
餅間,もちあい,新年
餅閒,もちあい,新年
餅鏡,もちいかがみ,新年
糯打,もちうち,新年
餅木,もちき,新年
望正月,もちしょうがつ,新年
持初,もちぞめ,新年
持初,もちぞめ,新年
餅手鞠,もちでまり,新年
望年,もちどし,新年
餅中,もちなか,新年
望の粥,もちのかゆ,新年
餅の花,もちのはな,新年
餅箸,もちばし,新年
餅花,もちばな,新年
餅穂,もちほ,新年
餅ほこらす,もちほこらす,新年
物鎮,ものしずめ,新年
物吉,ものよし,新年
母屋の大饗,もやのだいきょう,新年
貰湯,もらいゆ,新年
諸向,もろむき,新年
門戸を掩ふ,もんこをおおう,新年
灸正月,やいとしょうがつ,新年
役男,やくおとこ,新年
役者双六,やくしゃすごろく,新年
薬酒,やくしゅ,新年
厄神祭,やくじんさい,新年
厄神詣,やくじんまいり,新年
厄塚撤す,やくづかてっす,新年
厄参,やくまいり,新年
厄詣,やくもうで,新年
八坂女紅場始業式,やさかにょこうばしぎょうしき,新年
弥十郎,やじゅうろう,新年
安女,やすめ,新年
奴正月,やっこしょうがつ,新年
奴凧,やっこだこ,新年
宿入,やどいり,新年
宿下り,やどくだり・やどおり・やどさがり,新年
宿の春,やどのはる,新年
柳掛くる,やなぎかくる,新年
柳箸,やなぎばし,新年
野坡忌,やばき,新年
八幡厄神詣,やはたえきじんもうで,新年
走百病,やぶいり,新年
家父入,やぶいり,新年
養父入,やぶいり,新年
藪入,やぶいり,新年
藪柑子飾る,やぶこうじかざる,新年
山入,やまいり,新年
山草,やまぐさ,新年
山崎天神社開帳,やまざきてんじんしゃかいちょう,新年
山初,やまぞめ,新年
大和万歳,やまとまんざい,新年
山猫廻し,やまねこまわし,新年
山始,やまはじめ,新年
山ほめ,やまほめ,新年
山誉め,やまほめ,新年
槍遣初,やりつかいぞめ,新年
遣羽子,やりばね,新年
八幡疫神詣,やわたえきじんもうで,新年
八幡鯉,やわたごい,新年
八幡参,やわたまいり,新年
八幡土産,やわたみやげ,新年
結炭,ゆいずみ,新年
結初,ゆいぞめ,新年
夕霧忌,ゆうぎりき,新年
夕節,ゆうせち,新年
雪小屋,ゆきごや,新年
雪薺,ゆきなずな,新年
雪祭,ゆきまつり,新年
遊行寺の札切,ゆぎょうじのふだきり,新年
柚柑,ゆこう,新年
柚柑飾る,ゆこうかざる,新年
柚子飾る,ゆずかざる,新年
杠,ゆずりは,新年
交譲葉,ゆずりは,新年
楪,ゆずりは,新年
楒,ゆずりは,新年
譲り葉,ゆずりは,新年
楪飾る,ゆずりはかざる,新年
弓弦葉,ゆづるは,新年
湯殿初,ゆどのはじめ,新年
弓始,ゆみはじめ,新年
弓矢始,ゆみやはじめ,新年
夢祝,ゆめいわい,新年
夢流し,ゆめながし,新年
宵戎,よいえびす,新年
宵皐月,よいさつき,新年
宵天神,よいてんじん,新年
宵の年,よいのとし,新年
八日堂達磨市,ようかどうだるまいち,新年
羊日,ようじつ,新年
吉田大祓,よしだのおおはらえ・よしだおおはらい,新年
吉田の鬼祭,よしだのおにまつり,新年
吉田清祓,よしだのきよはらえ・よしだきよはらえ,新年
義朝忌,よしともき,新年
義仲忌,よしなかき,新年
義政忌,よしまさき,新年
吉原遊女の年礼,よしわらゆうじょのねんれい,新年
吉原遊女二日礼,よしわらゆうじょふつかれい,新年
寄席開き,よせびらき,新年
四日,よっか,新年
淀屋橋祝儀商,よどやばししゅうぎあきない,新年
米こぼす,よねこぼす,新年
世計酒,よはかりざけ,新年
吉方伐り,よほうぎり,新年
読初,よみぞめ,新年
読札,よみふだ,新年
嫁が君,よめがきみ,新年
嫁叩,よめたたき,新年
嫁つつき,よめつつき,新年
四方の春,よものはる,新年
縒初,よりぞめ,新年
頼朝忌,よりともき,新年
鎧餅,よろいもち,新年
万懸け,よろずかけ,新年
落灯,らくとう,新年
羅山忌,らざんき,新年
履新之慶,りしんのけい,新年
履端,りたん,新年
履端之慶,りたんのけい,新年
両大師詣,りょうだいしまいり,新年
両大師廻り,りょうだいしまわり,新年
料の物,りょうのもの,新年
両の物,りょうのもの,新年
漁始,りょうはじめ,新年
旅行始,りょこうはじめ,新年
臨時客,りんじきゃく,新年
留守居松,るすいまつ,新年
礼受,れいうけ,新年
礼受帳,れいうけちょう,新年
礼扇,れいおうぎ,新年
礼者,れいじゃ,新年
礼者受,れいじゃうけ,新年
霊辰,れいしん,新年
礼帳,れいちょう,新年
朗師会,ろうしえ,新年
蠟燭替,ろうそくかえ,新年
六入,ろくいり,新年
六入り,ろくいり,新年
六時堂修正会,ろくじどうしゅじょうえ,新年
六条道場天神開帳,ろくじょうどうじょうのてんじんかいちょう,新年
六の餅,ろくのもち,新年
六角凧,ろっかくだこ,新年
若井,わかい,新年
若夷,わかえびす,新年
若夷売,わかえびすうり,新年
若夷迎,わかえびすむかえ,新年
若男,わかおとこ,新年
若木,わかぎ,新年
若き年,わかきとし,新年
若草衣,わかくさごろも,新年
和歌御会始,わかごかいはじめ,新年
輪飾,わかざり,新年
若潮,わかしお,新年
若塩祝い,わかしおいわい,新年
若塩売,わかしおうり,新年
若潮迎,わかしおむかえ,新年
若潮迎え,わかしおむかえ,新年
若正月,わかしょうがつ,新年
若年,わかとし,新年
若年様,わかどしさま,新年
若年さん,わかどしさん,新年
若菜,わかな,新年
若菜売,わかなうり,新年
若菜狩,わかながり,新年
若菜神事,わかなしんじ,新年
若菜摘,わかなつみ,新年
若菜摘む,わかなつむ,新年
若菜野,わかなの,新年
若菜の節会,わかなのせちえ,新年
若菜の日,わかなのひ,新年
若菜の夜,わかなのよる,新年
若菜はやす,わかなはやす,新年
若菜舟,わかなぶね,新年
若菜祭,わかなまつり,新年
若菜迎,わかなむかえ,新年
若菜迎え,わかなむかえ,新年
若菜を供ず,わかなをくうず,新年
若日,わかひ,新年
若火,わかび,新年
若水,わかみず,新年
若水あぐる,わかみずあぐる,新年
若水桶,わかみずおけ,新年
若水汲み,わかみずくみ,新年
若水祭,わかみずさい,新年
若水迎え,わかみずむかえ,新年
若飯,わかめし,新年
若餅,わかもち,新年
若山踏,わかやまぶみ,新年
若湯,わかゆ,新年
輪注連,わじめ,新年
綿打初,わたうちぞめ,新年
笑籤,わらいくじ,新年
笑初,わらいぞめ,新年
藁盒子,わらごうし,新年
